{"mean_reward": 191.03225859516436, "std_reward": 67.92574819246079, "is_deterministic": true, "n_eval_episodes": 10, "eval_datetime": "2023-11-09T00:58:16.936878"}